일시,지점,폭염여부(O/X),최고체감온도(°C),최고기온(°C),평균기온(°C),최저기온(°C),평균상대습도(%),폭염특보(O/X),폭염영향예보(단계),열대야(O/X),자외선지수(단계)
2020-05-01,대구(143),X,30.8,31.3,22.7,14.3,72.3,X, ,X,매우높음
2020-05-02,대구(143),X,29.0,29.7,22.7,17.6,67.6,X, ,X,보통
2020-05-03,대구(143),X,23.1,20.3,17.9,16.4,98.0,X, ,X,보통
2020-05-04,대구(143),X,29.7,29.7,21.5,14.7,76.4,X, ,X,보통
2020-05-05,대구(143),X,22.4,21.2,16.8,14.4,83.1,X, ,X,보통
2020-05-06,대구(143),X,25.3,26.1,17.5,13.3,67.5,X, ,X,매우높음
2020-05-07,대구(143),X,20.3,21.9,15.8,9.8,55.9,X, ,X,매우높음
2020-05-08,대구(143),X,24.6,25.6,17.6,9.1,64.4,X, ,X,매우높음
2020-05-09,대구(143),X,22.2,19.0,17.0,14.6,95.3,X, ,X,보통
2020-05-10,대구(143),X,24.3,23.9,18.9,16.3,69.5,X, ,X,낮음
2020-05-11,대구(143),X,26.0,28.6,21.1,12.9,49.1,X, ,X,매우높음
2020-05-12,대구(143),X,24.4,26.5,20.2,14.8,42.1,X, ,X,매우높음
2020-05-13,대구(143),X,23.1,25.5,18.6,10.8,40.6,X, ,X,매우높음
2020-05-14,대구(143),X,25.7,28.3,19.9,11.0,41.3,X, ,X,높음
2020-05-15,대구(143),X,20.7,19.8,16.5,14.8,82.6,X, ,X,보통
2020-05-16,대구(143),X,27.2,26.6,19.3,14.8,80.5,X, ,X,보통
2020-05-17,대구(143),X,28.8,29.0,22.0,16.2,73.1,X, ,X,매우높음
2020-05-18,대구(143),X,24.6,23.5,19.8,17.2,80.0,X, ,X,보통
2020-05-19,대구(143),X,21.1,19.4,15.5,12.8,71.6,X, ,X,보통
2020-05-20,대구(143),X,21.7,22.4,15.6,10.5,57.4,X, ,X,높음
2020-05-21,대구(143),X,23.4,24.0,16.2,11.6,66.6,X, ,X,높음
2020-05-22,대구(143),X,23.4,23.2,17.1,12.6,66.4,X, ,X,매우높음
2020-05-23,대구(143),X,26.8,28.6,20.1,11.7,59.9,X, ,X,매우높음
2020-05-24,대구(143),X,26.9,27.4,21.6,16.4,61.4,X, ,X,높음
2020-05-25,대구(143),X,25.5,26.3,21.4,16.0,57.3,X, ,X,보통
2020-05-26,대구(143),X,26.2,27.6,21.6,15.9,55.4,X, ,X,매우높음
2020-05-27,대구(143),X,24.8,27.3,21.4,17.3,45.3,X, ,X,매우높음
2020-05-28,대구(143),X,26.5,28.6,21.0,13.7,47.4,X, ,X,매우높음
2020-05-29,대구(143),X,27.0,28.9,21.1,13.5,50.1,X, ,X,매우높음
2020-05-30,대구(143),X,26.8,28.4,21.7,14.2,49.6,X, ,X,매우높음
2020-05-31,대구(143),X,27.6,28.9,22.3,15.6,55.6,X, ,X,높음
2020-06-01,대구(143),X,27.1,29.1,23.6,19.9,47.8,X,관심,X,높음
2020-06-02,대구(143),X,26.4,29.3,22.5,15.0,41.9,X,관심,X,매우높음
2020-06-03,대구(143),X,30.2,31.1,24.1,17.2,56.5,X,관심,X,매우높음
2020-06-04,대구(143),O,33.2,35.3,27.7,19.6,56.5,O,주의,X,매우높음
2020-06-05,대구(143),X,32.9,34.6,25.9,19.8,61.0,O,주의,X,매우높음
2020-06-06,대구(143),X,26.7,26.3,21.2,18.4,65.9,X, ,X,매우높음
2020-06-07,대구(143),X,29.7,31.3,23.5,16.2,53.9,X, ,X,매우높음
2020-06-08,대구(143),O,33.5,35.6,26.9,17.4,46.6,O,주의,X,매우높음
2020-06-09,대구(143),O,33.9,37.0,28.7,21.0,46.3,O,주의,X,매우높음
2020-06-10,대구(143),O,34.1,36.1,28.1,21.3,54.8,O,주의,X,매우높음
2020-06-11,대구(143),X,31.8,31.7,25.5,20.6,77.4,O,주의,X,매우높음
2020-06-12,대구(143),X,31.8,30.9,25.6,19.7,79.5,O,주의,X,매우높음
2020-06-13,대구(143),X,30.5,29.5,24.6,19.7,81.5,X, ,X,보통
2020-06-14,대구(143),X,31.5,30.5,25.5,23.1,80.9,X,관심,X,보통
2020-06-15,대구(143),X,30.3,31.8,25.9,19.9,53.9,X,관심,X,매우높음
2020-06-16,대구(143),X,29.4,31.3,24.8,18.9,49.9,X,관심,X,매우높음
2020-06-17,대구(143),X,26.9,27.7,23.3,18.3,54.4,X, ,X,매우높음
2020-06-18,대구(143),X,24.2,23.1,19.2,17.8,84.6,X, ,X,보통
2020-06-19,대구(143),X,28.2,28.7,22.0,17.9,70.6,X, ,X,매우높음
2020-06-20,대구(143),X,28.2,28.8,23.2,20.0,62.8,X,관심,X,매우높음
2020-06-21,대구(143),X,27.0,27.2,22.2,17.7,64.1,X,관심,X,매우높음
2020-06-22,대구(143),X,30.5,33.5,25.3,16.2,56.1,X,관심,X,매우높음
2020-06-23,대구(143),X,31.7,34.0,26.3,19.4,53.4,X,관심,X,매우높음
2020-06-24,대구(143),X,26.0,24.5,22.2,20.1,75.4,X, ,X,높음
2020-06-25,대구(143),X,28.9,26.9,23.8,20.1,86.1,X,관심,X,높음
2020-06-26,대구(143),X,29.5,30.7,25.5,21.7,60.3,X,관심,X,매우높음
2020-06-27,대구(143),X,30.2,31.3,26.1,20.9,59.4,X,관심,X,매우높음
2020-06-28,대구(143),X,30.6,32.0,26.1,21.4,59.1,X,관심,X,매우높음
2020-06-29,대구(143),X,28.1,26.8,22.1,19.8,82.0,X, ,X,매우높음
2020-06-30,대구(143),X,28.7,28.2,23.5,19.3,72.6,X, ,X,보통
2020-07-01,대구(143),X,26.5,26.3,22.2,19.1,69.1,X, ,X,매우높음
2020-07-02,대구(143),X,28.3,28.8,23.6,18.3,64.1,X, ,X,매우높음
2020-07-03,대구(143),X,24.2,22.6,20.7,18.0,73.9,X, ,X,매우높음
2020-07-04,대구(143),X,25.3,24.2,21.2,17.9,75.8,X, ,X,매우높음
2020-07-05,대구(143),X,28.6,28.6,23.7,19.8,70.1,X, ,X,매우높음
2020-07-06,대구(143),X,28.8,28.1,24.1,19.9,74.6,X,관심,X,매우높음
2020-07-07,대구(143),X,31.9,32.4,26.5,23.1,70.4,X,관심,X,매우높음
2020-07-08,대구(143),X,30.3,31.0,26.2,22.3,64.5,X,관심,X,매우높음
2020-07-09,대구(143),X,30.3,29.7,24.4,20.8,74.3,X,관심,X,매우높음
2020-07-10,대구(143),X,30.1,28.4,24.0,21.0,84.0,X, ,X,보통
2020-07-11,대구(143),X,31.2,31.3,25.5,21.6,71.6,X, ,X,높음
2020-07-12,대구(143),X,24.0,21.9,20.4,18.1,82.8,X, ,X,높음
2020-07-13,대구(143),X,23.9,21.0,19.2,18.2,89.3,X, ,X,보통
2020-07-14,대구(143),X,23.8,21.5,19.6,18.4,89.6,X, ,X,보통
2020-07-15,대구(143),X,24.5,22.9,19.2,17.5,83.8,X, ,X,보통
2020-07-16,대구(143),X,28.3,28.8,22.2,16.8,65.8,X, ,X,매우높음
2020-07-17,대구(143),X,28.4,28.8,22.7,17.3,65.9,X, ,X,매우높음
2020-07-18,대구(143),X,28.0,27.6,22.4,16.8,71.0,X, ,X,높음
2020-07-19,대구(143),X,30.0,28.0,24.3,20.5,78.4,X, ,O,높음
2020-07-20,대구(143),O,33.2,32.8,29.1,25.9,63.4,O,관심,X,보통
2020-07-21,대구(143),X,31.3,31.8,26.9,22.8,64.9,O,주의,X,매우높음
2020-07-22,대구(143),X,27.0,25.1,22.5,21.5,94.3,X, ,X,보통
2020-07-23,대구(143),X,26.0,22.5,21.7,21.0,91.8,X, ,X,보통
2020-07-24,대구(143),X,25.7,23.0,21.3,20.2,91.1,X, ,X,보통
2020-07-25,대구(143),X,27.1,24.8,21.9,20.1,93.6,X, ,X,보통
2020-07-26,대구(143),X,30.2,30.2,25.0,21.3,75.0,X, ,X,매우높음
2020-07-27,대구(143),X,27.2,24.6,22.6,21.3,89.9,X, ,X,높음
2020-07-28,대구(143),X,27.0,24.2,22.3,21.3,91.8,X, ,X,보통
2020-07-29,대구(143),X,27.9,24.7,23.1,21.6,94.4,X, ,X,보통
2020-07-30,대구(143),X,27.8,25.0,23.1,21.2,91.8,X,관심,X,보통
2020-07-31,대구(143),X,32.1,31.5,26.1,21.9,81.0,O,주의,X,높음
2020-08-01,대구(143),O,33.1,34.1,27.7,23.9,74.9,O,주의,X,높음
2020-08-02,대구(143),O,33.8,33.4,28.6,24.6,69.6,O,주의,O,매우높음
2020-08-03,대구(143),O,33.2,33.0,29.1,25.7,66.3,O,주의,X,높음
2020-08-04,대구(143),O,34.2,34.4,29.3,24.9,66.8,O,경고,O,높음
2020-08-05,대구(143),O,33.3,33.0,28.9,25.4,68.9,O,경고,O,높음
2020-08-06,대구(143),X,32.5,31.2,28.5,25.8,72.6,X, ,O,보통
2020-08-07,대구(143),X,30.0,27.1,24.6,22.5,93.6,X, ,X,보통
2020-08-08,대구(143),X,28.6,25.0,23.7,22.9,96.9,X, ,X,보통
2020-08-09,대구(143),O,33.4,33.4,28.3,23.9,71.6,O,주의,O,높음
2020-08-10,대구(143),X,32.8,30.6,26.1,24.2,90.1,O,주의,X,보통
2020-08-11,대구(143),O,33.7,33.2,27.6,24.3,81.8,O,경고,X,높음
2020-08-12,대구(143),O,34.2,33.7,28.7,24.7,79.4,O,경고,O,높음
2020-08-13,대구(143),O,35.0,35.4,30.3,25.8,68.1,O,경고,O,매우높음
2020-08-14,대구(143),O,35.5,35.6,31.2,25.6,64.3,O,경고,O,높음
2020-08-15,대구(143),O,35.8,36.1,31.4,27.1,60.9,O,경고,O,매우높음
2020-08-16,대구(143),O,35.0,35.9,30.4,25.9,64.0,O,경고,O,매우높음
2020-08-17,대구(143),O,33.9,34.2,29.6,25.3,66.5,O,경고,X,매우높음
2020-08-18,대구(143),O,34.3,35.9,30.0,24.8,63.3,O,심각,X,매우높음
2020-08-19,대구(143),O,34.5,36.0,30.5,24.8,59.4,O,심각,X,매우높음
2020-08-20,대구(143),O,34.8,36.3,29.6,24.4,60.0,O,경고,X,매우높음
2020-08-21,대구(143),O,33.3,33.8,27.2,23.8,71.8,O,경고,X,매우높음
2020-08-22,대구(143),X,31.3,31.2,26.9,23.8,69.8,O,경고,X,높음
2020-08-23,대구(143),X,32.6,33.5,28.2,24.0,66.4,O,경고,X,보통
2020-08-24,대구(143),O,33.6,33.9,28.5,23.6,67.8,O,경고,X,높음
2020-08-25,대구(143),O,35.2,36.3,29.9,23.7,65.1,O,경고,O,매우높음
2020-08-26,대구(143),O,33.8,33.5,29.4,27.0,67.8,O,관심,O,보통
2020-08-27,대구(143),O,33.8,33.3,28.4,25.7,74.1,O,주의,O,보통
2020-08-28,대구(143),O,33.6,32.9,28.8,26.0,73.0,O,경고,O,보통
2020-08-29,대구(143),O,33.7,33.9,29.8,26.3,65.4,O,경고,O,높음
2020-08-30,대구(143),O,34.2,34.9,28.6,25.0,70.9,O,경고,X,보통
2020-08-31,대구(143),X,29.0,27.4,25.4,23.8,73.4,O,주의,X,보통
2020-09-01,대구(143),X,30.4,29.4,25.6,22.9,72.6,X,주의,X,보통
2020-09-02,대구(143),X,30.6,28.3,26.1,23.9,84.8,X,관심,X,보통
2020-09-03,대구(143),X,29.7,30.8,27.0,23.8,57.8,X,관심,X,보통
2020-09-04,대구(143),X,29.2,30.4,24.1,18.3,62.0,X, ,X,매우높음
2020-09-05,대구(143),X,25.0,23.1,19.9,17.3,85.3,X, ,X,높음
2020-09-06,대구(143),X,24.1,20.7,19.5,17.6,93.4,X, ,X,보통
2020-09-07,대구(143),X,28.3,25.6,23.4,18.8,72.4,X, ,X,보통
2020-09-08,대구(143),X,29.8,30.3,25.4,22.1,62.0,X, ,X,매우높음
2020-09-09,대구(143),X,27.7,28.1,23.9,21.1,70.9,X, ,X,보통
2020-09-10,대구(143),X,27.9,28.1,23.3,19.3,72.6,X, ,X,높음
2020-09-11,대구(143),X,27.2,26.5,21.7,18.8,81.8,X, ,X,보통
2020-09-12,대구(143),X,24.8,21.9,19.9,18.3,90.9,X, ,X,보통
2020-09-13,대구(143),X,26.5,26.0,20.9,18.1,76.1,X, ,X,보통
2020-09-14,대구(143),X,27.9,28.6,22.5,18.0,71.0,X, ,X,높음
2020-09-15,대구(143),X,28.4,28.9,22.9,18.3,71.5,X, ,X,높음
2020-09-16,대구(143),X,25.9,23.7,21.7,19.8,85.8,X, ,X,보통
2020-09-17,대구(143),X,26.7,25.0,21.5,18.3,87.0,X, ,X,보통
2020-09-18,대구(143),X,25.8,25.6,20.5,16.0,71.1,X, ,X,보통
2020-09-19,대구(143),X,26.6,27.4,20.5,12.7,63.1,X, ,X,높음
2020-09-20,대구(143),X,24.8,26.3,19.7,13.6,59.8,X, ,X,높음
2020-09-21,대구(143),X,23.4,24.4,18.0,12.0,69.3,X, ,X,높음
2020-09-22,대구(143),X,23.0,22.9,17.5,14.2,76.4,X, ,X,보통
2020-09-23,대구(143),X,23.6,22.9,18.7,14.3,69.8,X, ,X,보통
2020-09-24,대구(143),X,24.4,23.9,19.6,16.1,70.4,X, ,X,보통
2020-09-25,대구(143),X,25.5,25.6,19.7,14.8,70.4,X, ,X,보통
2020-09-26,대구(143),X,24.9,25.0,19.4,14.6,70.4,X, ,X,보통
2020-09-27,대구(143),X,24.4,24.3,18.8,14.8,68.6,X, ,X,보통
2020-09-28,대구(143),X,23.8,24.1,17.6,11.7,72.9,X, ,X,보통
2020-09-29,대구(143),X,24.9,26.1,18.3,11.8,67.8,X, ,X,높음
2020-09-30,대구(143),X,25.0,25.0,18.6,13.1,70.4,X, ,X,높음
2021-05-01,대구(143),X,16.3,15.6,12.1,9.4,77.3,X, ,X,보통
2021-05-02,대구(143),X,19.9,19.9,13.6,8.4,68.0,X, ,X,보통
2021-05-03,대구(143),X,24.0,24.7,16.5,7.6,64.1,X, ,X,매우높음
2021-05-04,대구(143),X,22.8,20.9,17.0,12.5,85.0,X, ,X,높음
2021-05-05,대구(143),X,22.3,23.5,18.5,13.6,53.6,X, ,X,높음
2021-05-06,대구(143),X,24.6,25.7,16.9,7.1,52.1,X, ,X,높음
2021-05-07,대구(143),X,25.0,25.6,18.1,11.5,43.5,X, ,X,높음
2021-05-08,대구(143),X,23.3,26.1,18.1,7.7,36.9,X, ,X,매우높음
2021-05-09,대구(143),X,21.7,25.0,19.0,12.6,30.3,X, ,X,매우높음
2021-05-10,대구(143),X,17.0,16.2,13.8,12.1,66.5,X, ,X,보통
2021-05-11,대구(143),X,18.8,18.2,15.1,12.3,69.4,X, ,X,보통
2021-05-12,대구(143),X,22.1,22.5,17.3,13.4,58.6,X, ,X,보통
2021-05-13,대구(143),X,28.3,30.3,20.4,11.1,53.1,X, ,X,매우높음
2021-05-14,대구(143),X,29.0,30.4,22.0,14.1,59.3,X, ,X,매우높음
2021-05-15,대구(143),X,25.2,22.6,19.9,17.4,85.6,X, ,X,보통
2021-05-16,대구(143),X,26.9,23.7,20.1,13.7,92.9,X, ,X,보통
2021-05-17,대구(143),X,19.0,16.0,14.4,13.4,93.4,X, ,X,보통
2021-05-18,대구(143),X,23.9,23.5,17.7,13.5,81.0,X, ,X,보통
2021-05-19,대구(143),X,26.9,29.4,22.5,15.8,57.4,X, ,X,매우높음
2021-05-20,대구(143),X,21.2,20.0,16.3,14.7,85.1,X, ,X,보통
2021-05-21,대구(143),X,21.9,21.5,17.6,14.7,69.6,X, ,X,보통
2021-05-22,대구(143),X,26.6,27.5,21.0,13.7,57.6,X, ,X,매우높음
2021-05-23,대구(143),X,28.2,30.8,23.6,14.8,52.5,X, ,X,매우높음
2021-05-24,대구(143),X,26.4,27.5,22.3,18.0,49.8,X, ,X,매우높음
2021-05-25,대구(143),X,22.1,23.7,18.0,13.1,43.5,X, ,X,높음
2021-05-26,대구(143),X,22.6,24.3,18.0,11.2,44.3,X, ,X,매우높음
2021-05-27,대구(143),X,24.8,25.5,18.9,15.0,55.9,X, ,X,보통
2021-05-28,대구(143),X,26.5,28.8,16.7,10.7,71.6,X, ,X,매우높음
2021-05-29,대구(143),X,24.6,26.3,20.4,14.9,49.4,X, ,X,매우높음
2021-05-30,대구(143),X,26.6,28.5,20.6,13.3,56.5,X, ,X,매우높음
2021-05-31,대구(143),X,27.8,28.9,20.7,15.5,67.1,X, ,X,높음
2021-06-01,대구(143),X,28.0,29.7,22.8,15.9,57.6,X, ,X,매우높음
2021-06-02,대구(143),X,28.4,30.2,23.8,18.2,51.9,X, ,X,매우높음
2021-06-03,대구(143),X,23.2,19.9,18.7,16.7,88.4,X, ,X,보통
2021-06-04,대구(143),X,25.1,27.0,21.3,17.1,53.9,X, ,X,매우높음
2021-06-05,대구(143),X,28.8,30.4,23.1,13.7,51.8,X, ,X,매우높음
2021-06-06,대구(143),X,29.3,30.4,23.9,18.2,62.1,X, ,X,매우높음
2021-06-07,대구(143),X,29.4,31.4,25.3,18.4,56.3,X, ,X,매우높음
2021-06-08,대구(143),X,30.6,33.2,25.4,20.5,54.0,X,관심,X,매우높음
2021-06-09,대구(143),X,30.3,32.7,25.3,19.9,50.5,X,관심,X,매우높음
2021-06-10,대구(143),X,28.8,30.5,24.2,19.1,57.1,X, ,X,매우높음
2021-06-11,대구(143),X,27.4,25.5,22.1,20.1,84.8,X, ,X,보통
2021-06-12,대구(143),X,28.7,28.0,24.1,20.6,74.8,X, ,X,보통
2021-06-13,대구(143),X,30.9,31.7,25.4,21.6,69.0,X, ,X,매우높음
2021-06-14,대구(143),X,28.1,28.0,23.9,21.1,69.4,X, ,X,높음
2021-06-15,대구(143),X,25.2,23.9,21.4,19.7,76.0,X, ,X,보통
2021-06-16,대구(143),X,24.2,23.0,20.4,17.9,73.5,X, ,X,높음
2021-06-17,대구(143),X,24.4,23.4,20.0,18.3,70.6,X, ,X,보통
2021-06-18,대구(143),X,27.9,26.7,22.3,17.9,73.6,X, ,X,높음
2021-06-19,대구(143),X,29.2,31.3,25.3,19.6,51.1,X, ,X,매우높음
2021-06-20,대구(143),X,30.4,33.9,25.9,18.1,47.1,X, ,X,매우높음
2021-06-21,대구(143),X,29.1,31.6,23.9,19.4,50.9,X, ,X,매우높음
2021-06-22,대구(143),X,26.4,26.5,20.7,17.7,67.3,X, ,X,보통
2021-06-23,대구(143),X,25.0,24.4,20.4,17.6,68.9,X, ,X,보통
2021-06-24,대구(143),X,27.6,28.5,23.0,18.9,62.0,X, ,X,높음
2021-06-25,대구(143),X,29.1,29.8,23.5,18.6,70.6,X, ,X,매우높음
2021-06-26,대구(143),X,27.9,27.2,22.8,20.1,72.9,X, ,X,높음
2021-06-27,대구(143),X,29.1,29.9,24.0,19.1,63.0,X, ,X,매우높음
2021-06-28,대구(143),X,28.0,28.0,23.9,21.3,64.3,X, ,X,높음
2021-06-29,대구(143),X,29.0,30.0,24.6,20.3,64.0,X, ,X,높음
2021-06-30,대구(143),X,29.4,29.6,24.4,21.7,67.0,X,관심,X,보통
2021-07-01,대구(143),X,29.9,32.4,25.1,19.6,57.4,X,관심,X,매우높음
2021-07-02,대구(143),X,29.3,28.8,24.0,20.3,69.0,X,관심,X,높음
2021-07-03,대구(143),X,26.3,24.8,22.7,21.4,78.8,X, ,X,보통
2021-07-04,대구(143),X,32.1,32.4,27.8,21.8,64.4,X,관심,X,높음
2021-07-05,대구(143),X,28.3,27.2,23.8,20.6,74.3,X,관심,X,보통
2021-07-06,대구(143),X,28.2,25.8,22.6,20.6,90.3,X, ,X,보통
2021-07-07,대구(143),X,29.6,26.2,24.2,22.6,95.0,X, ,X,보통
2021-07-08,대구(143),X,30.6,29.6,24.9,22.5,80.1,O, ,X,높음
2021-07-09,대구(143),X,30.5,29.1,24.7,22.1,84.0,O,주의,X,높음
2021-07-10,대구(143),X,32.2,32.6,25.6,,76.8,O,주의,X,매우높음
2021-07-11,대구(143),O,33.1,33.8,25.7,21.1,74.5,O,경고,X,높음
2021-07-12,대구(143),O,33.6,34.1,27.3,22.2,70.6,O,경고,X,매우높음
2021-07-13,대구(143),O,33.7,34.3,28.7,22.8,64.8,O,경고,X,매우높음
2021-07-14,대구(143),O,33.6,35.3,29.9,24.7,60.5,O,경고,O,매우높음
2021-07-15,대구(143),O,33.5,33.9,27.5,23.6,70.9,O,경고,X,매우높음
2021-07-16,대구(143),X,31.9,31.9,27.1,23.3,67.9,O,경고,X,높음
2021-07-17,대구(143),X,30.6,30.4,26.7,23.4,65.5,O,경고,X,보통
2021-07-18,대구(143),X,32.2,31.9,26.7,22.9,68.0,O,주의,X,보통
2021-07-19,대구(143),X,31.7,31.6,27.2,23.8,69.0,O,주의,X,높음
2021-07-20,대구(143),X,32.8,33.9,28.8,24.8,61.5,O,주의,X,매우높음
2021-07-21,대구(143),X,32.4,32.5,27.5,23.4,64.0,O,주의,X,매우높음
2021-07-22,대구(143),X,32.1,32.3,28.0,24.3,62.4,O,경고,X,매우높음
2021-07-23,대구(143),X,32.4,32.8,27.8,23.7,65.9,O,경고,X,매우높음
2021-07-24,대구(143),X,32.9,33.2,28.1,24.3,64.5,O,경고,X,매우높음
2021-07-25,대구(143),X,32.6,32.9,28.0,23.7,68.4,O,경고,X,매우높음
2021-07-26,대구(143),X,32.1,33.9,28.5,23.4,58.9,O,경고,X,매우높음
2021-07-27,대구(143),O,33.3,34.4,28.1,23.3,62.0,O,경고,X,매우높음
2021-07-28,대구(143),O,33.0,34.2,28.2,23.1,62.8,O,경고,X,매우높음
2021-07-29,대구(143),O,33.4,35.2,29.5,23.4,58.4,O,경고,O,매우높음
2021-07-30,대구(143),O,34.3,35.9,30.6,25.3,53.5,O,경고,O,매우높음
2021-07-31,대구(143),O,35.5,37.2,29.9,25.3,62.9,O,경고,O,높음
2021-08-01,대구(143),O,34.6,35.1,28.1,25.0,78.6,O,경고,O,높음
2021-08-02,대구(143),O,33.5,32.9,27.7,25.0,80.4,O,경고,X,높음
2021-08-03,대구(143),O,33.5,33.5,29.0,24.7,69.3,O,경고,O,높음
2021-08-04,대구(143),O,35.0,35.5,30.1,25.0,65.1,O,경고,O,매우높음
2021-08-05,대구(143),O,36.0,36.9,30.8,25.1,62.9,O,경고,O,매우높음
2021-08-06,대구(143),O,35.4,36.8,30.2,25.0,61.8,O,경고,O,매우높음
2021-08-07,대구(143),O,35.8,37.0,29.1,23.1,68.1,O,경고,X,매우높음
2021-08-08,대구(143),X,30.6,29.0,25.4,23.2,82.8,O,경고,X,보통
2021-08-09,대구(143),X,31.6,33.0,27.4,23.1,58.5,O,경고,X,높음
2021-08-10,대구(143),X,29.0,27.8,23.5,21.0,80.6,O,주의,X,보통
2021-08-11,대구(143),X,31.4,32.5,25.6,21.9,76.1,O,주의,X,매우높음
2021-08-12,대구(143),X,30.9,30.9,26.1,21.6,71.3,O,주의,X,매우높음
2021-08-13,대구(143),X,29.9,30.2,25.7,23.4,69.4,X,주의,X,보통
2021-08-14,대구(143),X,27.6,26.6,23.3,21.7,79.6,X, ,X,보통
2021-08-15,대구(143),X,29.1,28.2,23.5,20.9,74.0,X, ,X,높음
2021-08-16,대구(143),X,27.5,27.5,23.5,20.8,68.4,X, ,X,높음
2021-08-17,대구(143),X,27.6,26.9,23.6,21.7,70.3,X, ,X,보통
2021-08-18,대구(143),X,27.5,26.1,23.1,21.2,76.3,X, ,X,높음
2021-08-19,대구(143),X,28.8,28.3,24.3,21.6,67.6,X,관심,X,보통
2021-08-20,대구(143),X,30.6,31.9,25.0,19.7,67.6,X,관심,X,높음
2021-08-21,대구(143),X,28.2,25.8,23.1,21.9,88.3,X, ,X,보통
2021-08-22,대구(143),X,30.9,31.5,26.1,22.1,70.6,X, ,X,높음
2021-08-23,대구(143),X,27.9,24.9,23.1,21.2,87.8,X, ,X,보통
2021-08-24,대구(143),X,31.3,29.2,24.4,21.5,87.0,X, ,X,보통
2021-08-25,대구(143),X,29.8,27.7,25.3,22.9,85.6,X, ,X,높음
2021-08-26,대구(143),X,31.5,34.4,27.4,22.9,64.6,X, ,X,매우높음
2021-08-27,대구(143),X,30.0,28.7,23.7,21.5,84.3,X,관심,X,높음
2021-08-28,대구(143),X,30.0,31.9,25.6,20.9,61.8,X,관심,X,높음
2021-08-29,대구(143),X,28.1,26.6,23.6,21.3,78.0,X,관심,X,보통
2021-08-30,대구(143),X,29.5,30.6,25.2,22.0,68.4,X, ,X,보통
2021-08-31,대구(143),X,29.4,29.1,24.4,21.5,74.0,X, ,X,보통
2021-09-01,대구(143),X,30.4,28.2,21.9,20.0,90.8,X, ,X,보통
2021-09-02,대구(143),X,25.4,24.7,21.8,20.1,77.1,X, ,X,보통
2021-09-03,대구(143),X,25.5,22.7,20.5,19.3,86.5,X, ,X,보통
2021-09-04,대구(143),X,26.7,26.8,22.4,18.8,66.4,X, ,X,높음
2021-09-05,대구(143),X,25.7,25.1,21.8,19.3,68.5,X, ,X,보통
2021-09-06,대구(143),X,26.3,25.6,21.8,19.4,78.3,X, ,X,보통
2021-09-07,대구(143),X,27.1,25.5,22.2,19.9,86.0,X, ,X,보통
2021-09-08,대구(143),X,28.1,28.8,23.7,20.1,68.8,X, ,X,높음
2021-09-09,대구(143),X,27.9,29.6,23.7,18.7,67.1,X, ,X,높음
2021-09-10,대구(143),X,27.3,26.3,22.6,20.2,75.5,X, ,X,보통
2021-09-11,대구(143),X,29.2,30.9,23.8,18.5,65.4,X, ,X,매우높음
2021-09-12,대구(143),X,29.8,30.8,24.3,18.2,65.3,X, ,X,매우높음
2021-09-13,대구(143),X,26.2,25.8,23.1,20.9,66.3,X, ,X,높음
2021-09-14,대구(143),X,25.4,24.5,22.5,20.8,68.9,X, ,X,보통
2021-09-15,대구(143),X,26.6,26.7,22.7,19.3,61.6,X, ,X,보통
2021-09-16,대구(143),X,26.4,25.8,22.2,16.9,71.6,X, ,X,보통
2021-09-17,대구(143),X,24.5,22.6,20.5,18.1,82.5,X, ,X,보통
2021-09-18,대구(143),X,27.4,26.6,21.5,16.9,79.1,X, ,X,보통
2021-09-19,대구(143),X,27.3,27.1,21.7,17.2,76.3,X, ,X,높음
2021-09-20,대구(143),X,27.2,26.3,21.7,16.6,79.1,X, ,X,높음
2021-09-21,대구(143),X,28.8,26.5,22.9,20.0,90.6,X, ,X,보통
2021-09-22,대구(143),X,28.9,29.6,24.1,18.2,67.4,X, ,X,보통
2021-09-23,대구(143),X,26.1,26.6,21.6,17.6,63.6,X, ,X,높음
2021-09-24,대구(143),X,26.4,25.8,19.7,15.1,82.1,X, ,X,높음
2021-09-25,대구(143),X,26.0,23.6,20.6,17.5,84.8,X, ,X,높음
2021-09-26,대구(143),X,25.4,24.9,20.5,17.9,74.1,X, ,X,높음
2021-09-27,대구(143),X,25.9,24.8,20.4,17.8,73.1,X, ,X,보통
2021-09-28,대구(143),X,27.1,26.0,21.8,19.0,75.8,X, ,X,보통
2021-09-29,대구(143),X,29.1,27.3,22.4,19.8,93.9,X, ,X,보통
2021-09-30,대구(143),X,27.7,27.0,21.9,18.1,82.0,X, ,X,보통
2022-05-01,대구(143),X,18.3,20.3,15.2,10.2,39.4,X, ,X,매우높음
2022-05-02,대구(143),X,18.9,20.7,13.1,7.4,55.8,X, ,X,매우높음
2022-05-03,대구(143),X,21.9,23.5,15.2,6.5,59.6,X, ,X,매우높음
2022-05-04,대구(143),X,25.9,28.3,19.0,9.8,49.0,X, ,X,매우높음
2022-05-05,대구(143),X,25.9,29.1,20.0,11.9,51.5,X, ,X,매우높음
2022-05-06,대구(143),X,27.4,28.7,21.2,12.2,58.3,X, ,X,매우높음
2022-05-07,대구(143),X,25.4,26.0,18.9,13.6,66.5,X, ,X,높음
2022-05-08,대구(143),X,21.5,22.1,16.4,12.8,59.9,X, ,X,높음
2022-05-09,대구(143),X,20.3,21.9,16.2,12.3,55.5,X, ,X,높음
2022-05-10,대구(143),X,21.9,23.5,16.5,10.3,56.3,X, ,X,높음
2022-05-11,대구(143),X,25.6,26.8,20.7,14.3,57.0,X, ,X,높음
2022-05-12,대구(143),X,24.9,24.6,20.2,15.9,63.1,X, ,X,보통
2022-05-13,대구(143),X,21.0,19.3,15.7,13.3,86.4,X, ,X,보통
2022-05-14,대구(143),X,22.1,24.6,17.9,11.1,50.0,X, ,X,매우높음
2022-05-15,대구(143),X,20.9,23.2,17.1,12.8,42.1,X, ,X,매우높음
2022-05-16,대구(143),X,22.6,25.5,18.5,9.7,39.0,X, ,X,매우높음
2022-05-17,대구(143),X,25.2,28.2,20.4,10.8,42.0,X, ,X,매우높음
2022-05-18,대구(143),X,27.8,31.1,23.3,13.0,42.8,X, ,X,매우높음
2022-05-19,대구(143),X,26.5,29.5,23.0,16.2,36.9,X, ,X,높음
2022-05-20,대구(143),X,25.9,28.6,22.8,17.1,43.3,X, ,X,높음
2022-05-21,대구(143),X,28.0,29.7,23.7,17.9,51.5,X, ,X,매우높음
2022-05-22,대구(143),X,30.1,32.7,24.8,18.6,45.6,X,관심,X,매우높음
2022-05-23,대구(143),X,30.4,32.3,24.3,15.4,53.9,X,관심,X,매우높음
2022-05-24,대구(143),X,30.7,33.2,26.4,19.3,45.5,X,관심,X,매우높음
2022-05-25,대구(143),X,30.5,33.2,25.5,18.8,54.9,X,관심,X,매우높음
2022-05-26,대구(143),X,24.9,27.5,22.9,18.7,41.6,X, ,X,매우높음
2022-05-27,대구(143),X,26.9,29.5,23.8,16.4,37.3,X, ,X,매우높음
2022-05-28,대구(143),X,29.7,33.0,24.9,15.2,39.0,X, ,X,매우높음
2022-05-29,대구(143),X,29.3,33.0,24.9,16.2,40.5,X, ,X,매우높음
2022-05-30,대구(143),X,28.5,29.6,24.3,20.5,53.8,X, ,X,보통
2022-05-31,대구(143),X,27.8,31.1,24.7,18.6,39.4,X, ,X,매우높음
2022-06-01,대구(143),X,29.3,33.1,24.7,18.7,39.6,X, ,X,매우높음
2022-06-02,대구(143),X,30.0,33.5,26.1,17.5,44.5,X,관심,X,매우높음
2022-06-03,대구(143),X,28.8,30.4,23.5,18.7,61.5,X,관심,X,매우높음
2022-06-04,대구(143),X,27.9,28.8,22.1,17.9,67.0,X, ,X,매우높음
2022-06-05,대구(143),X,21.9,19.3,18.0,17.0,92.5,X, ,X,보통
2022-06-06,대구(143),X,24.2,23.1,18.7,15.9,84.6,X, ,X,보통
2022-06-07,대구(143),X,21.5,21.1,16.5,13.9,85.1,X, ,X,낮음
2022-06-08,대구(143),X,22.5,22.3,17.5,14.5,77.8,X, ,X,매우높음
2022-06-09,대구(143),X,27.3,28.2,20.4,13.3,70.5,X, ,X,매우높음
2022-06-10,대구(143),X,28.4,29.7,22.7,15.2,67.1,X, ,X,매우높음
2022-06-11,대구(143),X,26.6,26.1,21.4,18.4,74.0,X, ,X,높음
2022-06-12,대구(143),X,25.8,25.8,20.7,16.4,73.1,X, ,X,매우높음
2022-06-13,대구(143),X,23.9,24.0,19.9,17.2,75.6,X, ,X,보통
2022-06-14,대구(143),X,20.9,19.2,16.9,15.9,92.4,X, ,X,보통
2022-06-15,대구(143),X,26.0,25.3,19.7,15.5,88.6,X, ,X,보통
2022-06-16,대구(143),X,28.0,28.9,23.2,16.8,69.6,X, ,X,매우높음
2022-06-17,대구(143),X,32.6,34.2,25.9,17.4,63.9,X,관심,X,매우높음
2022-06-18,대구(143),X,32.8,34.3,27.9,22.2,65.3,O,주의,X,매우높음
2022-06-19,대구(143),O,33.2,34.5,28.9,23.8,63.1,O,주의,X,매우높음
2022-06-20,대구(143),O,34.2,35.6,28.6,23.6,69.8,O,주의,X,매우높음
2022-06-21,대구(143),O,33.0,34.1,27.8,22.2,72.6,O,주의,X,높음
2022-06-22,대구(143),O,35.4,37.1,29.9,23.6,65.0,O,주의,X,매우높음
2022-06-23,대구(143),X,32.1,31.6,27.9,23.4,72.8,O,주의,X,높음
2022-06-24,대구(143),X,32.2,32.9,28.1,23.1,70.0,O, ,X,매우높음
2022-06-25,대구(143),O,33.7,34.4,28.2,22.8,67.0,O,주의,X,매우높음
2022-06-26,대구(143),O,33.3,32.8,28.4,24.4,72.1,O,주의,O,높음
2022-06-27,대구(143),X,31.7,30.1,27.3,25.4,86.3,O,주의,X,높음
2022-06-28,대구(143),O,33.0,32.3,28.9,24.8,71.3,O,주의,O,높음
2022-06-29,대구(143),O,33.7,33.7,29.5,27.7,68.5,O,주의,O,높음
2022-06-30,대구(143),O,34.6,34.8,29.8,26.5,68.0,O,주의,X,매우높음
2022-07-01,대구(143),O,35.1,36.2,29.8,24.0,68.6,O,경고,X,매우높음
2022-07-02,대구(143),O,35.0,36.8,29.9,22.5,63.9,O,경고,O,매우높음
2022-07-03,대구(143),O,34.5,35.1,29.3,25.3,69.6,O,경고,O,매우높음
2022-07-04,대구(143),O,33.1,32.8,28.8,25.8,72.5,O,경고,X,높음
2022-07-05,대구(143),O,33.1,33.0,28.8,24.6,72.1,O,경고,O,높음
2022-07-06,대구(143),O,34.2,33.8,28.5,25.3,81.4,O,경고,O,높음
2022-07-07,대구(143),O,35.2,35.3,29.7,25.1,74.3,O,경고,O,높음
2022-07-08,대구(143),O,34.3,33.6,28.5,26.0,84.6,O,경고,X,보통
2022-07-09,대구(143),O,34.0,33.8,28.7,24.3,71.3,O,경고,X,높음
2022-07-10,대구(143),O,33.8,33.4,28.1,24.1,76.5,O,경고,X,매우높음
2022-07-11,대구(143),X,31.2,29.7,26.4,23.9,86.6,X,경고,X,보통
2022-07-12,대구(143),X,30.0,29.4,25.6,23.6,75.3,X,관심,X,높음
2022-07-13,대구(143),X,29.2,27.7,24.4,22.5,85.6,X, ,X,높음
2022-07-14,대구(143),O,33.6,33.6,28.2,23.1,77.5,O, ,X,높음
2022-07-15,대구(143),X,31.9,33.2,28.3,23.3,64.5,O,경고,X,매우높음
2022-07-16,대구(143),X,32.4,34.0,26.8,21.4,71.0,O,경고,X,매우높음
2022-07-17,대구(143),X,32.3,33.0,27.3,21.5,68.6,O,주의,X,매우높음
2022-07-18,대구(143),X,28.5,27.2,22.9,21.6,95.6,X, ,X,보통
2022-07-19,대구(143),O,33.5,34.1,27.6,22.6,74.4,O,관심,O,매우높음
2022-07-20,대구(143),O,33.4,34.1,29.4,25.4,62.5,O,주의,X,매우높음
2022-07-21,대구(143),X,32.9,32.3,26.0,21.8,80.9,X,주의,X,보통
2022-07-22,대구(143),X,29.9,29.7,25.8,22.6,71.6,O,관심,X,매우높음
2022-07-23,대구(143),X,29.7,28.6,24.9,22.1,82.0,O,주의,X,높음
2022-07-24,대구(143),X,32.6,32.0,27.4,22.3,77.6,O,주의,O,높음
2022-07-25,대구(143),O,34.5,35.5,28.8,24.9,72.6,O,주의,X,매우높음
2022-07-26,대구(143),O,33.3,34.0,26.9,23.1,79.4,O,경고,X,매우높음
2022-07-27,대구(143),X,30.8,29.9,25.6,22.0,79.5,O,경고,X,매우높음
2022-07-28,대구(143),X,31.1,29.6,26.2,24.2,85.5,O,주의,X,높음
2022-07-29,대구(143),O,34.1,33.9,28.7,24.5,77.8,O,주의,O,매우높음
2022-07-30,대구(143),X,32.0,30.3,27.8,25.9,83.9,O,경고,O,높음
2022-07-31,대구(143),X,31.7,29.5,27.1,25.3,92.0,O,경고,O,보통
2022-08-01,대구(143),X,32.4,31.2,29.4,26.8,76.6,O,관심,O,보통
2022-08-02,대구(143),O,34.0,32.6,27.9,25.7,91.8,O,주의,O,높음
2022-08-03,대구(143),O,36.6,37.1,30.6,26.3,78.8,O,경고,O,매우높음
2022-08-04,대구(143),O,35.5,35.3,30.7,27.4,75.9,O,경고,O,보통
2022-08-05,대구(143),O,35.6,35.2,30.8,26.5,75.0,O,경고,O,높음
2022-08-06,대구(143),O,36.5,36.8,31.6,26.6,72.0,O,경고,O,매우높음
2022-08-07,대구(143),O,37.2,37.8,31.5,27.7,71.9,O,경고,O,매우높음
2022-08-08,대구(143),O,34.5,34.6,30.5,27.1,69.8,O,경고,O,높음
2022-08-09,대구(143),O,33.1,32.9,29.8,27.1,69.8,O,경고,O,높음
2022-08-10,대구(143),X,31.9,31.0,28.2,26.5,80.1,O,경고,O,높음
2022-08-11,대구(143),X,31.1,29.5,26.5,25.2,90.9,X, ,O,높음
2022-08-12,대구(143),O,35.0,35.6,29.7,25.3,77.1,O,주의,X,매우높음
2022-08-13,대구(143),O,34.7,34.0,26.4,24.6,92.4,O,경고,O,높음
2022-08-14,대구(143),O,35.3,34.8,29.8,25.1,80.1,O,경고,O,보통
2022-08-15,대구(143),O,35.4,35.4,30.9,27.1,69.6,O,경고,X,보통
2022-08-16,대구(143),X,31.3,30.1,25.7,22.9,94.9,X,경고,X,보통
2022-08-17,대구(143),X,31.2,29.7,25.7,22.7,89.4,X, ,X,높음
2022-08-18,대구(143),X,32.0,32.3,26.8,22.3,77.3,O,관심,X,높음
2022-08-19,대구(143),O,34.4,33.7,28.2,22.6,80.5,O,주의,O,낮음
2022-08-20,대구(143),X,31.2,28.6,26.4,23.9,95.1,O,주의,X,낮음
2022-08-21,대구(143),X,30.9,31.1,26.0,22.5,75.3,X, ,X,낮음
2022-08-22,대구(143),O,33.0,32.9,26.8,18.9,75.6,O,관심,O,매우높음
2022-08-23,대구(143),X,30.5,28.8,25.4,21.5,89.9,O,주의,X,보통
2022-08-24,대구(143),X,25.0,22.6,21.5,19.8,94.4,X, ,X,보통
2022-08-25,대구(143),X,31.1,30.8,24.5,18.8,78.6,X,관심,X,보통
2022-08-26,대구(143),X,29.7,30.2,25.1,21.5,64.6,X, ,X,매우높음
2022-08-27,대구(143),X,26.8,28.2,23.2,18.3,68.0,X, ,X,매우높음
2022-08-28,대구(143),X,26.9,27.5,21.4,16.2,72.1,X, ,X,매우높음
2022-08-29,대구(143),X,26.2,24.9,21.5,17.5,81.4,X, ,X,보통
2022-08-30,대구(143),X,25.6,24.1,20.9,19.4,92.3,X, ,X,보통
2022-08-31,대구(143),X,25.4,22.7,21.3,20.5,95.6,X, ,X,보통
2022-09-01,대구(143),X,26.7,25.2,21.6,18.5,88.4,X, ,X,높음
2022-09-02,대구(143),X,26.3,24.2,21.5,18.8,91.1,X, ,X,보통
2022-09-03,대구(143),X,26.6,24.3,22.2,20.4,91.9,X, ,X,보통
2022-09-04,대구(143),X,31.7,29.9,25.4,20.9,89.5,X, ,X,보통
2022-09-05,대구(143),X,30.6,27.9,24.9,22.0,96.0,X, ,X,보통
2022-09-06,대구(143),X,26.9,26.4,22.6,19.1,81.0,X, ,X,높음
2022-09-07,대구(143),X,27.8,29.1,22.4,15.8,69.1,X, ,X,매우높음
2022-09-08,대구(143),X,28.1,28.5,21.7,15.1,73.0,X, ,X,매우높음
2022-09-09,대구(143),X,27.8,27.7,21.5,17.0,76.6,X, ,X,높음
2022-09-10,대구(143),X,25.3,24.2,21.0,18.6,81.4,X, ,X,보통
2022-09-11,대구(143),X,28.5,27.6,22.7,18.1,80.4,X, ,X,보통
2022-09-12,대구(143),X,26.7,24.7,21.7,18.9,91.5,X, ,X,보통
2022-09-13,대구(143),X,28.7,27.7,23.7,21.1,77.9,X, ,X,보통
2022-09-14,대구(143),X,27.7,27.2,23.4,20.5,77.0,X, ,X,매우높음
2022-09-15,대구(143),X,27.7,26.8,23.5,21.3,78.8,X, ,X,높음
2022-09-16,대구(143),X,30.4,29.0,24.7,21.8,84.9,X, ,X,보통
2022-09-17,대구(143),X,32.9,33.2,26.2,22.7,84.9,X, ,X,매우높음
2022-09-18,대구(143),X,31.6,30.5,26.6,23.0,83.1,X,관심,X,보통
2022-09-19,대구(143),X,29.9,29.8,25.1,18.8,72.9,X, ,X,보통
2022-09-20,대구(143),X,22.7,22.9,19.2,15.6,69.1,X, ,X,높음
2022-09-21,대구(143),X,22.6,22.8,17.2,12.0,75.3,X, ,X,매우높음
2022-09-22,대구(143),X,24.9,25.1,18.6,11.6,78.6,X, ,X,높음
2022-09-23,대구(143),X,27.2,27.8,20.8,16.2,70.4,X, ,X,높음
2022-09-24,대구(143),X,23.4,24.7,19.2,15.4,59.5,X, ,X,높음
2022-09-25,대구(143),X,23.4,22.9,18.6,14.5,77.8,X, ,X,보통
2022-09-26,대구(143),X,23.3,21.9,18.5,15.5,88.0,X, ,X,보통
2022-09-27,대구(143),X,26.5,26.4,20.3,16.6,81.8,X, ,X,보통
2022-09-28,대구(143),X,26.2,26.2,19.4,14.8,81.3,X, ,X,보통
2022-09-29,대구(143),X,28.0,29.3,20.8,13.7,72.8,X, ,X,높음
2022-09-30,대구(143),X,27.9,31.2,21.6,14.1,68.1,X, ,X,높음
2023-05-01,대구(143),X,19.3,22.5,16.5,11.5,39.1,X, ,X,매우높음
2023-05-02,대구(143),X,22.3,25.9,17.1,6.9,46.6,X, ,X,매우높음
2023-05-03,대구(143),X,23.1,25.5,18.5,12.0,50.5,X, ,X,높음
2023-05-04,대구(143),X,22.6,22.9,18.8,15.1,68.0,X, ,X,보통
2023-05-05,대구(143),X,23.4,20.8,19.0,16.8,93.8,X, ,X,낮음
2023-05-06,대구(143),X,22.5,19.5,13.7,11.5,93.4,X, ,X,높음
2023-05-07,대구(143),X,14.7,13.6,11.4,9.3,81.8,X, ,X,낮음
2023-05-08,대구(143),X,18.6,21.1,13.7,5.7,55.9,X, ,X,매우높음
2023-05-09,대구(143),X,23.5,27.2,18.5,6.9,44.8,X, ,X,매우높음
2023-05-10,대구(143),X,24.0,27.5,19.2,11.4,44.3,X, ,X,매우높음
2023-05-11,대구(143),X,22.8,23.8,18.1,13.4,57.8,X, ,X,매우높음
2023-05-12,대구(143),X,23.4,26.4,18.8,10.5,48.4,X, ,X,높음
2023-05-13,대구(143),X,23.6,24.5,19.4,16.1,62.1,X, ,X,높음
2023-05-14,대구(143),X,24.7,27.8,20.4,13.0,55.6,X, ,X,매우높음
2023-05-15,대구(143),X,26.4,29.6,21.8,13.5,53.3,X, ,X,매우높음
2023-05-16,대구(143),X,30.5,33.6,24.6,15.8,52.0,X,관심,X,매우높음
2023-05-17,대구(143),X,28.6,32.7,24.4,16.3,49.5,X, ,X,매우높음
2023-05-18,대구(143),X,22.9,21.4,18.6,16.2,81.6,X, ,X,낮음
2023-05-19,대구(143),X,23.0,22.3,18.3,15.3,78.6,X, ,X,보통
2023-05-20,대구(143),X,26.8,28.8,20.9,12.3,63.5,X, ,X,매우높음
2023-05-21,대구(143),X,28.7,30.2,22.7,17.0,55.0,X, ,X,매우높음
2023-05-22,대구(143),X,20.4,20.3,17.0,12.7,67.0,X, ,X,보통
2023-05-23,대구(143),X,23.8,27.3,18.4,10.7,56.0,X, ,X,매우높음
2023-05-24,대구(143),X,23.2,26.0,19.6,12.2,52.4,X, ,X,매우높음
2023-05-25,대구(143),X,25.8,28.1,21.3,15.2,46.6,X, ,X,매우높음
2023-05-26,대구(143),X,26.7,28.2,22.0,17.6,49.8,X, ,X,보통
2023-05-27,대구(143),X,26.6,26.9,23.2,19.5,64.8,X, ,X,높음
2023-05-28,대구(143),X,25.2,23.3,21.7,19.6,86.6,X, ,X,높음
2023-05-29,대구(143),X,24.9,21.8,20.1,18.6,97.3,X, ,X,낮음
2023-05-30,대구(143),X,23.5,21.9,19.5,17.6,81.5,X, ,X,매우높음
2023-05-31,대구(143),X,24.6,25.5,20.5,16.1,60.3,X, ,X,매우높음
2023-06-01,대구(143),X,22.4,21.1,18.6,13.8,77.0,X, ,X,높음
2023-06-02,대구(143),X,28.3,30.3,23.7,18.5,60.9,X, ,X,매우높음
2023-06-03,대구(143),X,26.8,29.4,23.1,16.4,50.1,X, ,X,매우높음
2023-06-04,대구(143),X,26.7,29.9,23.9,17.5,40.5,X, ,X,매우높음
2023-06-05,대구(143),X,27.1,28.7,23.8,17.7,48.1,X, ,X,높음
2023-06-06,대구(143),X,27.8,30.1,24.3,19.4,50.4,X, ,X,높음
2023-06-07,대구(143),X,28.1,29.4,24.1,18.4,58.1,X, ,X,매우높음
2023-06-08,대구(143),X,28.0,29.3,24.1,20.1,57.8,X, ,X,높음
2023-06-09,대구(143),X,27.5,31.0,24.6,18.6,50.4,X, ,X,매우높음
2023-06-10,대구(143),X,30.3,31.5,24.5,18.6,61.0,X, ,X,매우높음
2023-06-11,대구(143),X,29.5,30.6,24.6,20.3,66.5,X, ,X,높음
2023-06-12,대구(143),X,28.6,29.1,23.3,19.2,73.4,X, ,X,매우높음
2023-06-13,대구(143),X,28.5,30.4,23.8,18.1,68.1,X, ,X,높음
2023-06-14,대구(143),X,27.1,28.7,21.2,16.7,73.8,X, ,X,매우높음
2023-06-15,대구(143),X,27.0,28.7,20.9,16.2,74.0,X, ,X,매우높음
2023-06-16,대구(143),X,30.3,32.5,25.3,17.2,60.9,X,관심,X,매우높음
2023-06-17,대구(143),X,31.7,34.2,27.6,20.4,53.5,O,관심,X,매우높음
2023-06-18,대구(143),X,31.1,33.1,26.9,23.2,52.6,O,주의,X,매우높음
2023-06-19,대구(143),X,29.1,30.2,24.4,20.3,62.1,X,주의,X,매우높음
2023-06-20,대구(143),X,27.6,28.3,23.0,20.1,66.4,X, ,X,매우높음
2023-06-21,대구(143),X,25.9,23.9,21.4,18.5,89.9,X, ,X,높음
2023-06-22,대구(143),X,28.2,29.1,24.6,20.6,65.8,X, ,X,높음
2023-06-23,대구(143),X,29.5,31.0,24.8,19.6,64.9,X, ,X,매우높음
2023-06-24,대구(143),X,29.7,30.8,24.5,19.4,66.0,X,관심,X,매우높음
2023-06-25,대구(143),X,30.1,30.6,24.2,19.8,73.9,X, ,X,매우높음
2023-06-26,대구(143),X,29.4,27.3,24.1,20.9,89.5,X, ,X,높음
2023-06-27,대구(143),X,32.5,33.8,27.8,23.4,71.3,O, ,X,매우높음
2023-06-28,대구(143),X,30.7,30.2,24.5,19.7,78.4,O,주의,X,매우높음
2023-06-29,대구(143),X,29.9,28.7,25.4,23.6,86.1,X,주의,X,보통
2023-06-30,대구(143),X,28.1,25.7,24.0,22.3,92.4,X, ,X,낮음
2023-07-01,대구(143),X,31.2,31.3,25.8,21.6,76.1,O,관심,X,보통
2023-07-02,대구(143),O,33.2,33.5,28.1,23.9,69.0,O,주의,X,매우높음
2023-07-03,대구(143),X,32.2,32.5,27.1,22.5,71.5,O,경고,X,매우높음
2023-07-04,대구(143),X,29.7,29.0,24.9,23.3,84.8,X,관심,X,매우높음
2023-07-05,대구(143),X,30.9,32.6,27.5,23.4,67.9,O,관심,X,높음
2023-07-06,대구(143),X,32.1,34.4,27.5,20.7,62.3,O,주의,X,매우높음
2023-07-07,대구(143),X,27.3,25.7,21.9,18.0,86.8,X,주의,X,보통
2023-07-08,대구(143),X,29.0,27.2,23.1,19.8,84.5,O,관심,X,높음
2023-07-09,대구(143),X,32.1,31.2,26.6,21.8,78.0,O,주의,X,높음
2023-07-10,대구(143),O,33.3,33.8,28.3,24.1,74.6,O,주의,X,보통
2023-07-11,대구(143),X,31.4,30.0,24.8,22.9,89.5,O,주의,X,높음
2023-07-12,대구(143),X,32.7,32.4,27.3,23.1,79.8,X,주의,O,보통
2023-07-13,대구(143),X,29.7,27.4,26.5,25.6,85.9,X,관심,X,낮음
2023-07-14,대구(143),X,29.6,27.8,25.6,24.4,88.9,X,관심,X,낮음
2023-07-15,대구(143),X,30.9,29.9,27.0,24.0,81.3,X,관심,X,보통
2023-07-16,대구(143),X,29.6,27.8,24.4,22.8,91.6,X,관심,X,보통
2023-07-17,대구(143),X,32.9,32.4,26.7,23.1,84.6,X,관심,X,보통
2023-07-18,대구(143),X,27.9,24.8,23.7,22.4,96.4,X, ,X,낮음
2023-07-19,대구(143),X,31.1,30.3,25.7,22.1,78.5,O,관심,X,매우높음
2023-07-20,대구(143),O,33.0,33.0,27.6,22.9,73.6,O,주의,X,매우높음
2023-07-21,대구(143),X,32.3,31.4,26.7,23.3,78.5,O,경고,X,매우높음
2023-07-22,대구(143),X,29.0,28.1,25.4,21.5,77.3,O,경고,O,매우높음
2023-07-23,대구(143),X,31.2,30.2,27.5,25.2,75.9,X,경고,X,보통
2023-07-24,대구(143),X,31.7,30.5,26.6,24.3,85.4,X, ,X,높음
2023-07-25,대구(143),X,32.6,32.2,27.3,24.6,78.1,O,관심,X,매우높음
2023-07-26,대구(143),O,33.2,33.1,27.2,23.8,78.3,O,주의,X,매우높음
2023-07-27,대구(143),O,33.0,32.9,27.9,22.8,76.0,O,주의,X,매우높음
2023-07-28,대구(143),O,34.0,34.5,29.4,24.6,71.5,O,경고,X,매우높음
2023-07-29,대구(143),O,34.2,35.3,30.1,24.8,65.5,O,경고,O,매우높음
2023-07-30,대구(143),O,34.2,35.5,29.8,25.0,65.4,O,경고,X,매우높음
2023-07-31,대구(143),O,33.6,34.4,29.6,24.7,65.9,O,경고,X,매우높음
2023-08-01,대구(143),O,33.9,34.8,29.7,24.9,64.8,O,경고,X,매우높음
2023-08-02,대구(143),O,33.9,34.7,30.0,23.9,64.1,O,경고,O,매우높음
2023-08-03,대구(143),O,35.9,37.7,31.5,27.0,62.1,O,경고,O,매우높음
2023-08-04,대구(143),O,34.3,34.7,30.5,26.0,66.0,O,경고,O,매우높음
2023-08-05,대구(143),O,36.1,37.2,31.5,25.7,64.3,O,경고,O,매우높음
2023-08-06,대구(143),O,35.0,35.6,30.4,26.4,67.5,O,경고,O,매우높음
2023-08-07,대구(143),O,34.4,34.6,29.5,26.2,69.6,O,경고,O,매우높음
2023-08-08,대구(143),O,33.5,33.2,28.4,25.5,72.8,O,경고,O,높음
2023-08-09,대구(143),X,28.9,26.8,25.4,24.6,89.4,O,경고,X,보통
2023-08-10,대구(143),X,29.1,26.6,25.1,22.8,83.5,X,관심,X,낮음
2023-08-11,대구(143),X,32.0,32.5,27.5,22.2,66.8,X,관심,X,매우높음
2023-08-12,대구(143),X,31.4,31.4,27.1,23.6,71.8,O,관심,X,높음
2023-08-13,대구(143),X,32.0,32.6,27.2,23.1,73.4,O,주의,X,높음
2023-08-14,대구(143),X,31.8,31.5,26.8,23.6,74.3,O,주의,X,보통
2023-08-15,대구(143),O,33.2,34.0,27.5,23.0,70.8,O,주의,X,매우높음
2023-08-16,대구(143),X,32.7,33.3,27.0,23.9,74.6,O,주의,X,높음
2023-08-17,대구(143),X,30.0,28.8,25.9,24.0,78.6,O,주의,X,보통
2023-08-18,대구(143),X,30.2,28.8,25.7,23.6,84.0,O,주의,X,보통
2023-08-19,대구(143),X,32.6,31.7,27.3,24.5,82.0,O,주의,O,보통
2023-08-20,대구(143),O,34.0,33.5,27.3,24.7,84.9,O,주의,X,높음
2023-08-21,대구(143),O,33.7,33.7,28.9,24.9,74.4,O,주의,X,높음
2023-08-22,대구(143),O,33.7,34.0,28.8,24.5,72.3,O,경고,X,매우높음
2023-08-23,대구(143),O,33.5,34.0,28.6,24.3,72.3,O,경고,X,높음
2023-08-24,대구(143),X,31.3,29.4,25.0,22.9,91.5,X,경고,X,보통
2023-08-25,대구(143),X,31.6,32.4,27.4,23.8,70.5,O,관심,X,높음
2023-08-26,대구(143),X,31.5,32.8,26.6,21.5,68.4,O,주의,X,매우높음
2023-08-27,대구(143),X,30.9,30.9,25.5,22.3,78.6,O,주의,X,높음
2023-08-28,대구(143),X,29.5,27.9,25.5,23.0,80.5,O,주의,X,높음
2023-08-29,대구(143),X,29.9,28.0,25.7,23.2,88.6,X,주의,X,낮음
2023-08-30,대구(143),X,28.7,25.9,24.7,22.3,95.0,X, ,X,낮음
2023-08-31,대구(143),X,27.6,25.7,23.3,21.2,89.8,X, ,X,낮음
2023-09-01,대구(143),X,30.4,30.2,25.8,23.1,76.6,X, ,X,보통
2023-09-02,대구(143),X,29.9,28.9,24.9,22.5,79.8,X, ,X,보통
2023-09-03,대구(143),X,32.5,31.8,26.6,22.6,76.4,X,관심,X,보통
2023-09-04,대구(143),X,31.4,30.6,26.4,22.8,76.8,O,관심,X,높음
2023-09-05,대구(143),X,30.4,30.6,26.1,22.4,65.5,O,관심,X,높음
2023-09-06,대구(143),X,30.4,30.9,25.2,20.3,69.3,X,주의,X,높음
2023-09-07,대구(143),X,28.4,28.9,23.6,18.1,67.3,X, ,X,높음
2023-09-08,대구(143),X,28.3,29.0,23.3,18.1,67.5,X, ,X,높음
2023-09-09,대구(143),X,28.4,29.5,23.4,17.3,68.1,X, ,X,높음
2023-09-10,대구(143),X,29.9,30.9,24.0,17.6,69.8,X, ,X,높음
2023-09-11,대구(143),X,30.5,31.4,25.6,20.3,68.9,X,관심,X,높음
2023-09-12,대구(143),X,30.7,30.6,26.1,22.3,74.6,X, ,X,높음
2023-09-13,대구(143),X,29.6,28.4,24.7,22.4,84.1,X, ,X,보통
2023-09-14,대구(143),X,26.4,24.5,22.6,21.4,89.5,X, ,X,낮음
2023-09-15,대구(143),X,27.3,24.9,22.8,21.3,92.3,X, ,X,낮음
2023-09-16,대구(143),X,27.5,24.5,23.1,22.2,94.6,X, ,X,보통
2023-09-17,대구(143),X,29.4,27.9,24.6,21.9,87.0,X, ,X,보통
2023-09-18,대구(143),X,32.0,32.8,26.1,22.7,76.8,X, ,X,높음
2023-09-19,대구(143),X,29.4,29.5,25.2,21.8,71.4,X, ,X,높음
2023-09-20,대구(143),X,26.5,24.9,22.0,20.8,89.4,X, ,X,보통
2023-09-21,대구(143),X,24.3,21.2,19.5,18.2,91.0,X, ,X,낮음
2023-09-22,대구(143),X,25.8,26.5,21.1,17.8,73.1,X, ,X,낮음
2023-09-23,대구(143),X,24.8,25.3,19.9,15.3,74.0,X, ,X,낮음
2023-09-24,대구(143),X,24.6,25.3,20.4,15.5,66.3,X, ,X,낮음
2023-09-25,대구(143),X,25.7,24.9,21.1,18.1,78.4,X, ,X,낮음
2023-09-26,대구(143),X,24.4,21.7,20.8,20.1,95.0,X, ,X,낮음
2023-09-27,대구(143),X,29.3,29.2,23.8,21.0,79.6,X, ,X,낮음
2023-09-28,대구(143),X,28.0,28.8,23.6,19.6,69.8,X, ,X,낮음
2023-09-29,대구(143),X,26.3,26.8,21.8,16.7,74.6,X, ,X,낮음
2023-09-30,대구(143),X,24.6,25.1,20.0,15.7,71.6,X, ,X,낮음
2024-05-01,대구(143),X,17.5,18.1,13.0,9.5,68.8,X, ,X,낮음
2024-05-02,대구(143),X,22.2,25.1,15.9,6.6,55.3,X, ,X,낮음
2024-05-03,대구(143),X,24.8,28.4,19.2,9.8,51.0,X, ,X,낮음
2024-05-04,대구(143),X,26.0,29.3,20.4,10.2,52.5,X, ,X,낮음
2024-05-05,대구(143),X,21.6,21.2,18.8,17.4,79.5,X, ,X,낮음
2024-05-06,대구(143),X,25.0,24.4,20.1,17.2,69.0,X, ,X,낮음
2024-05-07,대구(143),X,19.3,18.4,14.1,10.9,81.9,X, ,X,낮음
2024-05-08,대구(143),X,17.6,17.7,13.0,9.6,70.0,X, ,X,낮음
2024-05-09,대구(143),X,23.7,25.6,16.8,6.9,56.3,X, ,X,낮음
2024-05-10,대구(143),X,26.3,29.8,19.9,10.5,43.3,X, ,X,낮음
2024-05-11,대구(143),X,24.8,25.1,19.9,12.8,64.0,X, ,X,낮음
2024-05-12,대구(143),X,22.0,24.1,19.3,16.4,53.9,X, ,X,낮음
2024-05-13,대구(143),X,22.6,26.1,19.0,11.2,47.6,X, ,X,낮음
2024-05-14,대구(143),X,25.3,28.5,20.1,10.7,49.9,X, ,X,낮음
2024-05-15,대구(143),X,24.4,27.9,18.4,10.6,56.5,X, ,X,낮음
2024-05-16,대구(143),X,20.3,22.4,15.5,8.5,53.6,X, ,X,낮음
2024-05-17,대구(143),X,25.0,28.4,19.1,10.0,51.8,X, ,X,낮음
2024-05-18,대구(143),X,26.4,30.6,21.4,12.1,44.6,X, ,X,낮음
2024-05-19,대구(143),X,27.7,31.5,23.0,14.6,46.5,X, ,X,낮음
2024-05-20,대구(143),X,26.1,29.0,21.0,14.4,54.9,X, ,X,낮음
2024-05-21,대구(143),X,22.7,22.8,17.8,14.5,69.0,X, ,X,낮음
2024-05-22,대구(143),X,28.2,30.7,21.7,11.8,59.5,X, ,X,낮음
2024-05-23,대구(143),X,28.7,32.5,25.3,18.3,46.1,X, ,X,낮음
2024-05-24,대구(143),X,25.8,26.8,21.2,16.8,54.1,X, ,X,낮음
2024-05-25,대구(143),X,22.2,23.9,19.6,16.6,51.9,X, ,X,낮음
2024-05-26,대구(143),X,27.4,28.0,20.8,14.2,70.3,X, ,X,낮음
2024-05-27,대구(143),X,24.3,24.9,21.5,18.5,48.3,X, ,X,낮음
2024-05-28,대구(143),X,23.3,24.4,18.6,13.6,56.3,X, ,X,낮음
2024-05-29,대구(143),X,26.2,29.2,20.9,10.4,51.9,X, ,X,낮음
2024-05-30,대구(143),X,25.6,27.5,21.6,16.5,59.6,X, ,X,낮음
2024-05-31,대구(143),X,26.4,29.8,24.0,19.5,43.5,X, ,X,낮음
2024-06-01,대구(143),X,25.7,27.5,22.0,17.3,52.6,X, ,X,낮음
2024-06-02,대구(143),X,24.3,26.7,20.1,15.0,61.4,X, ,X,낮음
2024-06-03,대구(143),X,24.2,25.4,19.4,16.1,63.9,X, ,X,낮음
2024-06-04,대구(143),X,24.4,26.3,19.8,13.1,56.4,X, ,X,낮음
2024-06-05,대구(143),X,26.2,28.9,21.4,12.5,51.6,X, ,X,낮음
2024-06-06,대구(143),X,25.8,27.9,22.0,16.2,53.3,X, ,X,낮음
2024-06-07,대구(143),X,27.9,30.3,23.9,16.5,52.5,X, ,X,낮음
2024-06-08,대구(143),X,23.8,23.2,19.9,18.7,82.9,X, ,X,낮음
2024-06-09,대구(143),X,28.4,29.4,23.1,18.7,72.8,X, ,X,낮음
2024-06-10,대구(143),X,30.7,33.4,26.0,18.5,60.1,O,관심,X,낮음
2024-06-11,대구(143),X,31.5,34.5,27.5,20.6,54.6,O,주의,X,낮음
2024-06-12,대구(143),X,30.4,33.9,27.9,21.8,49.1,O,주의,X,낮음
2024-06-13,대구(143),X,31.2,35.6,27.7,21.5,51.8,O,주의,X,낮음
2024-06-14,대구(143),X,31.1,35.1,27.5,19.6,51.6,O,주의,X,낮음
2024-06-15,대구(143),X,30.9,32.2,25.4,21.7,68.5,X,관심,X,낮음
2024-06-16,대구(143),X,28.5,31.5,26.2,21.5,54.8,X, ,X,낮음
2024-06-17,대구(143),X,27.8,30.0,24.8,19.2,52.4,X,관심,X,낮음
2024-06-18,대구(143),X,31.8,35.4,28.3,19.5,41.6,O,주의,X,낮음
2024-06-19,대구(143),O,33.1,36.8,29.3,21.4,43.0,O,주의,X,낮음
2024-06-20,대구(143),X,27.5,28.8,25.0,21.1,54.0,O,주의,X,낮음
2024-06-21,대구(143),X,30.2,30.8,26.2,21.2,63.0,X,주의,X,낮음
2024-06-22,대구(143),X,27.1,24.5,23.4,22.3,88.6,X, ,X,낮음
2024-06-23,대구(143),X,30.2,30.0,26.1,23.4,77.6,X, ,X,낮음
2024-06-24,대구(143),X,31.8,32.6,26.8,21.8,65.0,X,관심,X,낮음
2024-06-25,대구(143),X,27.4,29.6,24.8,20.9,48.9,X, ,X,낮음
2024-06-26,대구(143),X,28.5,30.8,24.8,19.6,52.4,X, ,X,낮음
2024-06-27,대구(143),X,26.2,26.2,22.0,18.1,69.4,X, ,X,낮음
2024-06-28,대구(143),X,31.4,34.1,26.0,18.2,63.9,X, ,X,낮음
2024-06-29,대구(143),X,29.8,29.8,24.5,22.0,80.9,X,관심,X,낮음
2024-06-30,대구(143),X,31.8,31.0,26.2,23.6,85.3,X,관심,X,낮음
2024-07-01,대구(143),X,31.6,32.5,28.0,24.4,66.0,X,관심,X,낮음
2024-07-02,대구(143),X,29.8,27.9,25.2,21.9,84.8,X,관심,X,낮음
2024-07-03,대구(143),X,32.9,33.9,28.9,24.9,67.9,O,관심,X,낮음
2024-07-04,대구(143),O,34.1,34.8,29.0,22.9,64.0,O,주의,O,낮음
2024-07-05,대구(143),X,32.1,32.8,29.0,26.0,61.6,O,주의,X,낮음
2024-07-06,대구(143),O,33.0,32.9,28.7,24.5,69.1,O,주의,O,낮음
2024-07-07,대구(143),O,33.2,32.4,29.0,24.6,73.6,O,주의,O,낮음
2024-07-08,대구(143),X,30.5,29.2,27.2,26.2,82.4,O,주의,X,낮음
2024-07-09,대구(143),X,29.5,27.2,24.4,22.8,93.8,X,주의,X,낮음
2024-07-10,대구(143),X,28.1,26.2,23.9,22.0,87.6,X,관심,X,낮음
2024-07-11,대구(143),X,29.3,28.2,24.6,21.7,83.0,X,관심,X,낮음
2024-07-12,대구(143),X,32.1,32.7,26.4,22.4,77.6,X,관심,X,낮음
2024-07-13,대구(143),X,30.8,30.1,25.6,21.8,79.0,X,관심,X,낮음
2024-07-14,대구(143),X,27.4,25.3,23.7,22.8,87.4,X, ,X,낮음
2024-07-15,대구(143),X,28.4,26.6,24.3,22.6,82.3,X,관심,X,낮음
2024-07-16,대구(143),X,30.0,28.8,25.1,22.2,83.6,X,관심,X,낮음
2024-07-17,대구(143),X,32.3,31.7,27.1,23.0,78.0,X,관심,O,낮음
2024-07-18,대구(143),X,31.2,30.7,28.5,26.8,72.3,X,관심,X,낮음
2024-07-19,대구(143),X,31.3,30.8,27.3,24.2,77.0,X,관심,X,낮음
2024-07-20,대구(143),X,31.6,30.6,26.9,24.0,79.8,O,관심,O,낮음
2024-07-21,대구(143),O,34.2,34.4,29.7,25.9,71.1,O,주의,O,낮음
2024-07-22,대구(143),O,34.0,34.2,30.1,25.9,67.4,O,주의,O,낮음
2024-07-23,대구(143),O,33.1,32.8,30.0,27.5,66.6,O,경고,O,낮음
2024-07-24,대구(143),X,32.5,31.2,28.6,26.3,79.0,O,경고,O,낮음
2024-07-25,대구(143),O,34.7,34.8,29.7,25.3,73.1,O,경고,O,낮음
2024-07-26,대구(143),O,33.6,33.4,29.7,26.3,70.5,O,경고,O,낮음
2024-07-27,대구(143),O,34.1,33.9,29.5,26.4,73.8,O,경고,O,낮음
2024-07-28,대구(143),O,34.4,35.1,30.5,26.6,67.5,O,경고,O,낮음
2024-07-29,대구(143),O,34.5,35.6,30.7,26.3,62.3,O,경고,O,낮음
2024-07-30,대구(143),O,34.6,35.1,30.3,25.5,64.1,O,경고,O,낮음
2024-07-31,대구(143),O,35.4,36.3,30.6,25.4,66.5,O,경고,O,낮음
2024-08-01,대구(143),O,34.9,35.5,31.6,27.9,65.5,O,경고,O,낮음
2024-08-02,대구(143),O,35.8,36.3,31.5,27.6,69.9,O,심각,O,낮음
2024-08-03,대구(143),O,36.2,37.2,32.1,27.8,67.9,O,경고,O,낮음
2024-08-04,대구(143),O,35.7,35.3,29.8,27.0,74.8,O,경고,O,낮음
2024-08-05,대구(143),O,35.3,36.0,28.3,24.4,78.1,O,경고,X,낮음
2024-08-06,대구(143),O,34.7,35.5,29.2,23.8,72.3,O,경고,O,낮음
2024-08-07,대구(143),O,35.0,36.6,31.0,26.5,66.8,O,경고,X,낮음
2024-08-08,대구(143),O,33.9,34.1,28.5,24.1,75.1,O,경고,X,낮음
2024-08-09,대구(143),O,33.6,35.5,29.3,24.6,68.3,O,경고,X,낮음
2024-08-10,대구(143),O,33.1,34.2,28.9,24.6,67.5,O,경고,X,낮음
2024-08-11,대구(143),O,33.6,34.4,28.9,24.1,67.6,O,경고,X,낮음
2024-08-12,대구(143),O,33.3,34.5,28.4,23.5,68.0,O,경고,X,낮음
2024-08-13,대구(143),O,33.1,33.6,28.0,23.4,67.8,O,경고,X,낮음
2024-08-14,대구(143),X,32.9,32.6,28.0,23.0,70.3,O,경고,X,낮음
2024-08-15,대구(143),O,33.7,34.3,28.3,24.0,69.5,O,경고,X,낮음
2024-08-16,대구(143),O,33.0,33.9,28.7,24.3,67.0,O,경고,X,낮음
2024-08-17,대구(143),O,33.7,34.5,29.1,24.7,67.0,O,경고,X,낮음
2024-08-18,대구(143),X,32.8,34.0,29.0,24.6,66.0,O,경고,X,낮음
2024-08-19,대구(143),O,34.2,35.1,29.6,24.6,68.0,O,경고,O,낮음
2024-08-20,대구(143),O,34.1,33.6,28.8,26.3,79.6,O,경고,O,낮음
2024-08-21,대구(143),X,32.7,31.5,28.1,25.6,84.0,O,경고,O,낮음
2024-08-22,대구(143),O,34.5,34.4,29.7,26.0,72.3,O,경고,O,낮음
2024-08-23,대구(143),O,34.0,35.4,30.3,25.1,61.3,O,경고,O,낮음
2024-08-24,대구(143),O,34.3,35.8,30.4,25.4,61.6,O,경고,O,낮음
2024-08-25,대구(143),O,34.4,35.9,28.9,25.4,71.4,O,경고,O,낮음
2024-08-26,대구(143),O,33.7,34.4,28.7,25.3,74.3,O,경고,O,낮음
2024-08-27,대구(143),X,31.8,30.9,26.2,23.7,80.4,O,경고,X,낮음
2024-08-28,대구(143),X,30.1,29.9,26.6,24.1,68.3,O,경고,O,낮음
2024-08-29,대구(143),X,32.0,32.8,28.1,25.0,66.4,O,경고,O,낮음
2024-08-30,대구(143),O,33.8,34.8,29.5,25.7,61.3,O,주의,X,낮음
2024-08-31,대구(143),X,31.8,33.3,27.6,24.3,62.8,O,주의,X,낮음
2024-09-01,대구(143),X,32.4,34.3,27.9,22.2,62.0,O,주의,X,낮음
2024-09-02,대구(143),X,31.2,31.7,27.0,22.9,69.4,O,주의,X,낮음
2024-09-03,대구(143),X,28.1,28.8,24.9,21.9,65.0,X,주의,X,낮음
2024-09-04,대구(143),X,29.8,31.0,25.4,19.6,64.0,X,관심,X,낮음
2024-09-05,대구(143),X,32.9,35.1,28.4,20.3,58.4,X,관심,X,낮음
2024-09-06,대구(143),X,29.7,29.2,25.4,22.5,83.4,X,관심,X,낮음
2024-09-07,대구(143),X,31.1,30.0,25.4,22.3,87.6,X,관심,X,낮음
2024-09-08,대구(143),X,32.6,32.3,27.2,24.7,79.3,O,관심,X,낮음
2024-09-09,대구(143),X,32.2,32.3,27.5,24.6,73.5,O,주의,X,낮음
2024-09-10,대구(143),O,34.2,35.6,28.9,23.0,68.6,O,주의,O,낮음
2024-09-11,대구(143),X,32.4,31.1,27.1,25.1,81.9,O,주의,X,낮음
2024-09-12,대구(143),X,32.8,32.3,27.5,24.5,82.6,O,경고,O,낮음
2024-09-13,대구(143),O,33.5,33.8,28.9,25.0,73.6,O,주의,O,낮음
2024-09-14,대구(143),O,34.2,34.9,28.7,25.0,74.9,O,경고,X,낮음
2024-09-15,대구(143),X,31.1,29.8,26.5,24.7,80.3,O,경고,X,낮음
2024-09-16,대구(143),X,30.0,28.5,26.0,24.4,80.3,O,주의,X,낮음
2024-09-17,대구(143),O,35.2,36.1,29.5,24.3,70.6,O,주의,O,낮음
2024-09-18,대구(143),O,35.2,35.8,29.5,25.8,73.3,O,주의,X,낮음
2024-09-19,대구(143),O,33.6,34.0,29.0,24.5,72.4,O,경고,O,낮음
2024-09-20,대구(143),X,30.4,28.2,26.2,25.2,90.5,X,경고,X,낮음
2024-09-21,대구(143),X,28.3,25.4,21.2,19.7,95.6,X, ,X,낮음
2024-09-22,대구(143),X,26.0,25.4,22.1,19.9,75.8,X, ,X,낮음
2024-09-23,대구(143),X,23.2,23.6,19.7,15.2,60.9,X, ,X,낮음
2024-09-24,대구(143),X,26.0,25.7,19.7,13.6,75.6,X, ,X,낮음
2024-09-25,대구(143),X,28.0,28.2,22.5,17.3,74.0,X, ,X,낮음
2024-09-26,대구(143),X,28.4,29.0,23.3,18.1,72.9,X, ,X,낮음
2024-09-27,대구(143),X,29.5,29.7,23.4,20.4,77.6,X, ,X,낮음
2024-09-28,대구(143),X,26.4,25.9,21.8,19.2,81.6,X, ,X,낮음
2024-09-29,대구(143),X,25.8,26.1,21.3,17.4,74.1,X, ,X,낮음
2024-09-30,대구(143),X,27.4,28.8,21.3,15.0,70.6,X, ,X,낮음
2025-05-01,대구(143),X,22.9,24.1,16.5,10.9,67.5,X, ,X,낮음
2025-05-02,대구(143),X,18.7,21.1,15.9,10.5,40.6,X, ,X,낮음
2025-05-03,대구(143),X,15.3,15.6,11.8,9.7,74.1,X, ,X,낮음
2025-05-04,대구(143),X,19.8,22.7,15.5,6.9,41.6,X, ,X,낮음
2025-05-05,대구(143),X,17.5,19.8,13.0,6.6,60.5,X, ,X,낮음
2025-05-06,대구(143),X,15.6,14.2,11.8,10.2,87.3,X, ,X,낮음
2025-05-07,대구(143),X,21.7,23.7,16.1,9.9,63.4,X, ,X,낮음
2025-05-08,대구(143),X,22.9,25.4,18.3,11.0,52.4,X, ,X,낮음
2025-05-09,대구(143),X,18.6,17.1,14.7,12.2,84.6,X, ,X,낮음
2025-05-10,대구(143),X,19.9,19.7,16.4,14.7,66.1,X, ,X,낮음
2025-05-11,대구(143),X,21.0,21.4,16.0,12.5,68.5,X, ,X,낮음
2025-05-12,대구(143),X,23.5,26.6,18.3,9.4,52.5,X, ,X,낮음
2025-05-13,대구(143),X,25.6,28.0,19.9,11.3,56.4,X, ,X,낮음
2025-05-14,대구(143),X,25.4,29.1,21.0,13.8,52.8,X, ,X,낮음
2025-05-15,대구(143),X,26.7,26.6,21.5,17.5,69.1,X, ,X,낮음
2025-05-16,대구(143),X,25.0,23.8,20.3,17.5,83.3,X, ,X,낮음
2025-05-17,대구(143),X,28.3,28.8,22.5,16.9,69.3,X, ,X,낮음
2025-05-18,대구(143),X,22.1,24.4,19.1,14.2,46.4,X, ,X,낮음
2025-05-19,대구(143),X,27.2,28.5,20.9,12.2,56.5,X, ,X,낮음
2025-05-20,대구(143),X,31.6,33.7,25.3,18.0,63.3,X, ,X,낮음
2025-05-21,대구(143),X,29.6,29.9,24.4,19.9,70.8,X, ,X,낮음
2025-05-22,대구(143),X,21.8,19.9,17.1,15.2,72.4,X, ,X,낮음
2025-05-23,대구(143),X,20.0,20.5,16.9,13.7,57.8,X, ,X,낮음
2025-05-24,대구(143),X,16.9,16.0,13.7,11.9,81.4,X, ,X,낮음
2025-05-25,대구(143),X,23.2,24.8,17.6,12.2,64.5,X, ,X,낮음
2025-05-26,대구(143),X,25.0,26.9,19.8,12.1,60.3,X, ,X,낮음
2025-05-27,대구(143),X,25.8,28.4,21.2,13.7,54.6,X, ,X,낮음
2025-05-28,대구(143),X,26.6,29.7,20.0,14.6,66.1,X, ,X,낮음
2025-05-29,대구(143),X,25.3,26.0,18.7,13.8,70.1,X, ,X,낮음
2025-05-30,대구(143),X,23.8,24.9,18.2,13.2,63.3,X, ,X,낮음
2025-05-31,대구(143),X,25.2,27.8,19.7,11.1,53.1,X, ,X,낮음
2025-06-01,대구(143),X,27.7,31.4,22.2,13.2,54.4,X, ,X,낮음
2025-06-02,대구(143),X,24.7,24.3,20.3,17.8,70.5,X, ,X,낮음
2025-06-03,대구(143),X,26.3,28.8,22.6,17.1,49.5,X, ,X,낮음
2025-06-04,대구(143),X,24.7,29.2,22.9,13.4,30.5,X, ,X,낮음
2025-06-05,대구(143),X,26.6,30.0,23.0,15.5,40.4,X, ,X,낮음
2025-06-06,대구(143),X,27.7,30.5,23.2,17.4,49.0,X, ,X,낮음
2025-06-07,대구(143),X,29.2,33.0,24.8,15.9,45.3,X, ,X,낮음
2025-06-08,대구(143),X,29.8,31.5,26.0,20.5,52.5,X, ,X,낮음
2025-06-09,대구(143),X,30.2,31.3,25.9,21.4,61.1,X,관심,X,낮음
2025-06-10,대구(143),X,30.6,33.6,26.5,20.0,50.9,X,관심,X,낮음
2025-06-11,대구(143),X,28.2,31.5,25.6,20.6,39.1,X, ,X,낮음
2025-06-12,대구(143),X,29.0,31.7,25.3,19.1,44.1,X, ,X,낮음
2025-06-13,대구(143),X,24.0,24.9,20.5,17.8,74.0,X, ,X,낮음
2025-06-14,대구(143),X,28.3,27.1,21.9,18.0,86.6,X, ,X,낮음
2025-06-15,대구(143),X,32.1,32.7,26.1,20.0,73.3,X, ,X,낮음
2025-06-16,대구(143),X,29.2,29.1,25.0,22.1,79.5,X, ,X,낮음
2025-06-17,대구(143),X,30.3,29.9,25.2,19.9,70.9,X, ,X,낮음
2025-06-18,대구(143),X,31.2,32.7,26.9,21.8,61.1,X, ,X,낮음
2025-06-19,대구(143),X,32.2,33.9,27.5,21.0,61.6,X, ,O,낮음
2025-06-20,대구(143),X,30.0,29.5,26.9,24.1,71.4,X, ,X,낮음
2025-06-21,대구(143),X,28.1,26.9,22.8,18.3,87.9,X, ,X,낮음
2025-06-22,대구(143),X,26.7,27.4,22.4,18.0,72.3,X, ,X,낮음
2025-06-23,대구(143),X,30.2,31.7,24.9,17.8,61.0,X, ,X,낮음
2025-06-24,대구(143),X,25.1,24.8,20.7,18.5,84.0,X, ,X,낮음
2025-06-25,대구(143),X,28.7,29.1,23.6,19.9,76.9,X, ,X,낮음
2025-06-26,대구(143),X,29.7,30.1,25.4,22.1,64.9,X, ,X,낮음
2025-06-27,대구(143),X,32.1,33.1,27.1,20.6,65.4,O,관심,X,낮음
2025-06-28,대구(143),O,34.0,34.5,28.5,23.5,70.6,O,주의,X,낮음
2025-06-29,대구(143),O,34.8,36.6,29.9,24.5,67.6,O,경고,O,낮음
2025-06-30,대구(143),O,34.6,36.4,30.7,25.8,61.4,O,경고,O,낮음
2025-07-01,대구(143),O,34.8,35.7,30.7,25.7,63.9,O,경고,O,낮음
2025-07-02,대구(143),O,35.3,36.4,31.4,26.9,63.4,O,경고,O,낮음
2025-07-03,대구(143),O,35.1,36.0,31.2,27.1,62.6,O,경고,O,낮음
2025-07-04,대구(143),O,33.0,35.5,30.2,25.7,56.1,O,경고,O,낮음
2025-07-05,대구(143),O,34.9,36.4,30.6,25.5,59.0,O,경고,O,낮음
2025-07-06,대구(143),O,33.9,34.9,30.6,26.6,59.6,O,경고,O,낮음
2025-07-07,대구(143),O,36.2,37.4,31.5,26.4,58.1,O,경고,O,낮음
2025-07-08,대구(143),X,32.3,32.3,28.5,25.5,66.0,O,경고,X,낮음
2025-07-09,대구(143),X,31.1,33.6,28.1,23.7,55.6,O,경고,X,낮음
2025-07-10,대구(143),X,30.3,31.3,26.6,23.6,63.4,O,주의,X,낮음
2025-07-11,대구(143),X,29.5,30.6,26.2,22.9,60.0,O,주의,X,낮음
2025-07-12,대구(143),X,30.6,31.8,26.2,21.8,60.4,O,주의,X,낮음
2025-07-13,대구(143),X,31.3,32.5,25.3,20.1,71.3,O,주의,X,낮음
2025-07-14,대구(143),X,30.4,31.2,24.2,20.2,75.9,X, ,X,낮음
2025-07-15,대구(143),X,28.3,28.0,23.3,20.0,82.1,X,관심,X,낮음
2025-07-16,대구(143),X,27.8,26.4,23.0,21.1,88.5,X, ,X,낮음
2025-07-17,대구(143),X,27.3,24.4,22.5,21.3,92.3,X,관심,X,낮음
2025-07-18,대구(143),X,32.1,31.6,24.8,21.3,86.5,X,관심,X,낮음
2025-07-19,대구(143),X,25.8,23.3,21.9,21.1,95.1,X,관심,X,낮음
2025-07-20,대구(143),X,32.3,32.1,26.5,21.5,79.9,O,관심,X,낮음
2025-07-21,대구(143),X,32.0,30.8,26.8,23.4,82.9,O,관심,O,낮음
2025-07-22,대구(143),O,33.6,34.2,29.5,25.0,69.5,O,주의,X,낮음
2025-07-23,대구(143),O,34.2,35.3,29.9,24.8,68.1,O,경고,X,낮음
2025-07-24,대구(143),O,34.0,35.3,29.9,24.9,64.6,O,경고,X,낮음
2025-07-25,대구(143),O,34.2,35.2,29.3,23.4,63.4,O,경고,X,낮음
2025-07-26,대구(143),O,34.1,34.5,29.3,23.8,66.4,O,경고,X,낮음
2025-07-27,대구(143),O,35.0,36.0,29.8,24.4,63.5,O,경고,X,낮음
2025-07-28,대구(143),O,35.1,36.8,30.4,23.9,61.9,O,경고,X,낮음
2025-07-29,대구(143),O,34.2,35.9,30.1,24.4,60.5,O,경고,X,낮음
2025-07-30,대구(143),O,33.8,35.2,29.2,22.9,63.5,O,경고,X,낮음
2025-07-31,대구(143),O,34.3,35.9,29.9,24.6,62.4,O,경고,X,낮음
2025-08-01,대구(143),O,34.4,37.2,30.4,23.6,59.4,O,경고,O,낮음
2025-08-02,대구(143),O,35.7,37.3,30.9,25.2,63.3,O,심각,O,낮음
2025-08-03,대구(143),O,33.2,33.1,28.9,24.3,75.3,O,경고,X,낮음
2025-08-04,대구(143),O,33.9,33.3,28.2,24.8,83.1,O,경고,O,낮음
2025-08-05,대구(143),O,34.9,35.1,29.7,25.9,76.0,O,주의,O,낮음
2025-08-06,대구(143),X,32.8,32.5,28.5,23.5,77.1,O,경고,X,낮음
2025-08-07,대구(143),X,31.7,32.0,27.4,23.3,74.3,O,경고,X,낮음
2025-08-08,대구(143),X,31.0,31.2,26.9,22.7,69.6,O,주의,X,낮음
2025-08-09,대구(143),X,28.7,27.3,24.5,22.5,82.5,X,주의,X,낮음
2025-08-10,대구(143),X,29.9,29.5,25.2,21.2,74.4,X,관심,X,낮음
2025-08-11,대구(143),X,30.0,29.9,24.4,20.5,76.9,X,관심,X,낮음
2025-08-12,대구(143),X,26.8,24.4,22.8,20.2,90.5,X,관심,X,낮음
2025-08-13,대구(143),X,32.7,32.1,27.5,23.3,78.4,O,주의,X,낮음
2025-08-14,대구(143),O,33.9,35.0,29.8,24.1,66.8,O,주의,X,낮음
2025-08-15,대구(143),O,34.0,34.6,29.5,24.8,69.1,O,경고,O,낮음
2025-08-16,대구(143),O,34.0,34.6,29.7,25.5,68.1,O,경고,X,낮음
2025-08-17,대구(143),O,33.0,34.0,28.8,23.9,66.6,O,경고,X,낮음
2025-08-18,대구(143),O,33.8,34.8,29.5,24.9,65.1,O,경고,O,낮음
2025-08-19,대구(143),O,33.8,34.7,30.8,26.9,63.1,O,경고,O,낮음
2025-08-20,대구(143),O,34.3,35.7,30.4,26.5,64.8,O,경고,O,낮음
2025-08-21,대구(143),O,34.5,35.5,30.1,26.5,65.3,O,경고,O,낮음
2025-08-22,대구(143),O,35.0,36.3,30.0,25.1,67.9,O,경고,O,낮음
2025-08-23,대구(143),O,34.6,37.2,30.8,25.4,60.0,O,경고,O,낮음
2025-08-24,대구(143),O,34.6,35.6,31.0,25.8,63.3,O,경고,O,낮음
2025-08-25,대구(143),O,35.3,36.9,30.8,26.8,65.6,O,경고,O,낮음
2025-08-26,대구(143),O,33.7,34.3,28.9,26.2,65.8,O,경고,X,낮음
2025-08-27,대구(143),X,32.9,35.6,28.3,23.4,65.8,O,경고,X,낮음
2025-08-28,대구(143),O,33.6,34.9,28.3,24.0,66.5,O,주의,O,낮음
2025-08-29,대구(143),O,34.4,36.3,30.6,25.6,61.4,O,주의,O,낮음
2025-08-30,대구(143),O,34.1,36.7,31.0,25.2,55.5,O,경고,O,낮음
2025-08-31,대구(143),O,33.0,33.8,27.8,25.1,75.5,O,경고,X,낮음
2025-09-01,대구(143),X,32.6,32.5,27.9,24.6,76.4,O,경고,X,낮음
2025-09-02,대구(143),X,31.4,31.4,27.4,24.8,72.8,O,주의,X,낮음
2025-09-03,대구(143),X,31.9,32.2,27.0,23.2,71.4,O,주의,X,낮음
2025-09-04,대구(143),X,32.6,33.0,27.5,23.9,73.3,O,주의,X,낮음
2025-09-05,대구(143),X,32.5,33.6,27.4,23.3,71.6,O,주의,X,낮음
2025-09-06,대구(143),O,33.6,34.1,28.4,23.0,70.3,O,주의,X,낮음
2025-09-07,대구(143),X,30.3,29.1,26.7,24.7,81.6,O,주의,X,낮음
2025-09-08,대구(143),X,28.1,27.9,23.5,19.1,71.6,X,관심,X,낮음
2025-09-09,대구(143),X,23.8,21.6,19.6,18.0,91.9,X, ,X,낮음
2025-09-10,대구(143),X,27.6,26.3,22.2,19.6,85.6,X,관심,X,낮음
2025-09-11,대구(143),X,28.6,28.2,23.2,18.2,73.9,X, ,X,낮음
2025-09-12,대구(143),X,27.6,26.4,23.3,21.4,82.0,X, ,X,낮음
2025-09-13,대구(143),X,32.2,31.6,25.0,22.1,82.4,X,관심,X,낮음
2025-09-14,대구(143),X,29.1,28.7,24.0,20.6,78.4,X,관심,X,낮음
2025-09-15,대구(143),X,30.1,29.7,25.9,22.1,76.6,X,관심,X,낮음
2025-09-16,대구(143),O,33.5,34.0,27.5,22.9,74.9,O,관심,X,낮음
2025-09-17,대구(143),O,33.1,33.4,25.8,23.4,80.6,O,주의,X,낮음
2025-09-18,대구(143),X,26.2,23.8,21.9,19.9,71.6,X, ,X,낮음
2025-09-19,대구(143),X,24.4,24.4,21.6,19.8,67.5,X, ,X,낮음
2025-09-20,대구(143),X,27.8,27.0,21.7,18.7,78.4,X, ,X,낮음
2025-09-21,대구(143),X,25.4,25.6,20.5,17.0,73.1,X, ,X,낮음
2025-09-22,대구(143),X,24.5,24.8,20.0,16.0,70.3,X, ,X,낮음
2025-09-23,대구(143),X,25.2,25.9,21.2,16.9,65.8,X, ,X,낮음
2025-09-24,대구(143),X,28.6,27.9,23.9,20.6,75.8,X, ,X,낮음
2025-09-25,대구(143),X,28.0,26.4,23.9,22.8,86.5,X, ,X,낮음
2025-09-26,대구(143),X,27.2,28.1,23.0,19.8,68.5,X, ,X,낮음
2025-09-27,대구(143),X,27.1,27.5,22.9,18.9,70.4,X, ,X,낮음
2025-09-28,대구(143),X,26.4,25.0,21.7,20.4,83.4,X, ,X,낮음
2025-09-29,대구(143),X,26.5,27.1,22.0,18.6,65.5,X, ,X,낮음
2025-09-30,대구(143),X,26.0,26.4,20.6,15.8,74.9,X, ,X,낮음
